Model,TimeStamp,Input Prompt,Max Generation Length,Temperature,Top_P,Response
Claude 3-Sonnet,2024-04-18 13:58:05,What is MISMO?,2048,0.3,0.5," Based on the text provided, MISMO is not defined or expanded upon. The text discusses several tax-related terms such as:

- First - Taxpayer whose name is listed first on a jointly filed or individually filed IRS tax document.

- Second - Taxpayer whose name is listed second on a jointly filed IRS tax document. 

It also discusses different issue types and issue follow up types related to loan origination and servicing, such as:

- IssueType - A value from a MISMO prescribed list that represents the type of issue raised or discovered by an event participant.

- IssueFollowUpType - A value from a MISMO prescribed list that represents the follow-up action required to resolve an event issue.

But there is no definition or expansion of what MISMO itself refers to. Without more context or background provided in the text, I do not have enough information to determine what MISMO stands for or represents. The text seems to refer to MISMO prescribed lists for issue types and follow ups, but does not clarify what MISMO is."
Claude 3-Sonnet,2024-04-29 10:17:12,what is ltv in provided data,2048,0.3,0.5,"Based on the provided RDF/OWL data, ""ltv"" likely refers to the property "":ltv-CalculationDate"". The class ""CombinedLTV"" has a restriction that requires exactly one value (owl:cardinality ""1"") for the property "":ltv-CalculationDate"".

The description ""Information about data used to calculate loan to value ratios, that includes property valuations and first and all subordinate mortgages, but excluding undrawn home equity lines of credit amounts (HELOCs)."" suggests that this class represents information related to calculating combined loan-to-value (LTV) ratios, and the "":ltv-CalculationDate"" property likely represents the date on which the LTV calculation was performed."
Claude 3-Sonnet,2024-04-29 10:22:09,what is ltv in provided data,2048,0.3,0.5,"Based on the provided RDF/OWL data, ""ltv"" likely refers to the property "":ltv-CalculationDate"". The class ""CombinedLTV"" has a restriction that requires exactly one value (owl:cardinality ""1"") for the property "":ltv-CalculationDate"".

The description ""Information about data used to calculate loan to value ratios, that includes property valuations and first and all subordinate mortgages, but excluding undrawn home equity lines of credit amounts (HELOCs)."" suggests that this class represents information related to calculating combined loan-to-value (LTV) ratios, and the "":ltv-CalculationDate"" property likely represents the date on which the LTV calculation was performed."
Claude 3-Sonnet,2024-04-29 10:22:46,what is ltv in provided data,2048,0.3,0.5,"Based on the provided RDF/OWL data, ""ltv"" likely refers to the property "":ltv-CalculationDate"". The class ""CombinedLTV"" has a restriction that requires exactly one value (owl:cardinality ""1"") for the property "":ltv-CalculationDate"".

The description ""Information about data used to calculate loan to value ratios, that includes property valuations and first and all subordinate mortgages, but excluding undrawn home equity lines of credit amounts (HELOCs)."" suggests that this class represents information related to calculating combined loan-to-value (LTV) ratios, and the "":ltv-CalculationDate"" property likely represents the date on which the LTV calculation was performed."
Claude 3-Sonnet,2024-04-29 10:32:27,"i am a new homeowner, what is an LTV",2048,0.3,0.5,"LTV stands for Loan-to-Value ratio. It is a measure used in mortgage lending that expresses the ratio of the loan amount to the value of the property being purchased or refinanced. The LTV ratio is calculated by dividing the mortgage loan amount by the appraised value or purchase price of the property.

For example, if you are buying a home for $200,000 and taking out a mortgage loan of $160,000, your LTV would be:

LTV = Loan Amount / Property Value
     = $160,000 / $200,000
     = 0.8 or 80%

A higher LTV means you are borrowing a larger percentage of the property's value, while a lower LTV means you are putting more money down as a down payment. Lenders often use LTV to assess the risk of a mortgage loan, with higher LTVs generally considered riskier.

The text you provided appears to be an ontology or schema definition related to manufactured home identification and does not directly mention LTV. However, understanding LTV is important for new homeowners when obtaining a mortgage loan."
Claude 3-Sonnet,2024-04-29 10:33:12,What are USPS address components,2048,0.3,0.5,"Based on the provided text, the following USPS address components are mentioned:

1. Standardized Address Unit Designator Type Other Description
2. Standardized PR Urbanization Type
3. Standardized PR Urbanization Type Other Description

The text appears to be describing properties related to addresses, specifically for handling standardized address unit designators and Puerto Rican urbanization types according to USPS standards. The ""Standardized Address Unit Designator Type Other Description"" seems to be a free-form text field for specifying non-standard address unit designators. The ""Standardized PR Urbanization Type"" is an enumerated value from a prescribed MISMO list for describing urbanizations in Puerto Rican addresses. The ""Standardized PR Urbanization Type Other Description"" is a free-form text field for specifying new USPS values for urbanization types not included in the prescribed list."
Claude 3-Sonnet,2024-04-29 10:35:22,What are USPS address components?,2048,0.3,0.5,"Based on the provided text, the USPS address components mentioned are:

1. Standardized Address Line Text: This refers to the full address line in a standardized format.

2. Standardized Address Unit Designator Type: This is a value from a MISMO prescribed list that specifies additional details for a street address, such as ""Suite"" or ""Unit"", in an abbreviated form approved by the United States Postal Service (USPS). This list is based on the USPS Publication 28 on Postal Addressing Standards.

3. Standardized Address Unit Designator Type Other Description: This is a free-form text field that allows specifying the enumeration when the value ""Other"" is used for the Standardized Address Unit Designator Type. It should be used for new USPS values only.

These components are part of the Address container or object, which likely represents a standardized address structure according to USPS guidelines."
Claude 3-Sonnet,2024-04-29 11:01:41,"i am a new homeowner, is my house in zip code 22209 in a flood zone?",2048,0.3,0.5,"Based on the provided text, it does not contain any information about whether a specific property in the 22209 zip code is located in a flood zone or not. The text appears to be describing metadata or properties related to flood determination, such as the NFIP Flood Zone Identifier, Letter of Map Date, and Map Identifier.

To determine if your house in the 22209 zip code is in a flood zone, you would need to consult official flood maps or resources provided by the Federal Emergency Management Agency (FEMA) or your local government. FEMA maintains Flood Insurance Rate Maps (FIRMs) that show the flood risk for different areas.

You can visit the FEMA Flood Map Service Center (https://msc.fema.gov/portal/home) and enter your address to check if your property is located in a designated flood zone. Additionally, many local government websites provide flood zone information and resources for residents."
Claude 3-Sonnet,2024-04-29 11:02:55,"i am a new homeowner, use FEMA to let me know if my house in zip code 22209 in a flood zone?",2048,0.3,0.5,"Based on the provided RDF data, it does not contain any information about your specific property or zip code. The data appears to define some properties and classes related to flood zones and FEMA flood data, but does not have any instances or values for a particular address.

To determine if your house in zip code 22209 is in a flood zone, you would need to use FEMA's flood map service or tools. Here are a few options:

1. FEMA Flood Map Service Center: https://msc.fema.gov/portal/home
   You can enter your address and view the flood map for your area. This will show if your property is in a designated flood zone.

2. FEMA's National Flood Hazard Layer (NFHL) Viewer: https://hazards-fema.maps.arcgis.com/apps/webappviewer/index.html?id=8b0adb51996444d4879338b5529aa9cd
   This interactive map allows you to view flood hazard information by entering your address or navigating to your location.

3. Contact your local floodplain management office or building department. They may have access to detailed flood maps and can assist you in determining if your property is in a flood zone.

It's important to note that being in a designated flood zone may have implications for insurance requirements and building regulations. FEMA and local authorities can provide guidance on the necessary steps if your property is located in a flood-prone area."
Claude 3-Sonnet,2024-04-29 11:06:04,I am an ontologist. Can you tell me how an address is related to a flood zone concept using an ontology for the mortgage industry?,2048,0.3,0.5,"The given text does not provide any information about how an address is related to a flood zone concept in the context of the mortgage industry ontology. The text appears to be describing a class called `HELOC` (Home Equity Line of Credit) and its properties and restrictions within an ontology.

To relate an address to a flood zone concept, the ontology would likely need to define classes for `Address` and `FloodZone`, and establish a relationship between them. For example, the `Address` class could have a property `isLocatedInFloodZone` that relates it to instances of the `FloodZone` class. Alternatively, the `FloodZone` class could have a property `hasAddresses` that relates it to instances of the `Address` class located within that flood zone.

Without seeing the actual ontology definitions and structure, it's difficult to provide a more specific example. However, in general, ontologies use classes, properties, and relationships to model concepts and their connections within a particular domain."
Claude 3-Sonnet,2024-04-29 11:08:09,I am an ontologist. Can you tell me how an address is related to a flood zone concept using an ontology for the mortgage industry?,2048,0.15,0.5,"The given text does not provide any information about how an address is related to a flood zone concept in the context of the mortgage industry ontology. The text appears to be describing a class called `HELOC` (Home Equity Line of Credit) and its properties and restrictions within an ontology.

To relate an address to a flood zone concept, the ontology would likely need to define classes for `Address` and `FloodZone`, and establish a relationship between them. For example, the `Address` class could have a property `isLocatedInFloodZone` that relates it to instances of the `FloodZone` class. Alternatively, the `FloodZone` class could have a property `hasAddresses` that relates it to instances of the `Address` class located within that flood zone.

Without the actual ontology definitions and structure, it is difficult to provide a more specific example of how these concepts would be related. However, in general, ontologies use classes, properties, and relationships to model and represent the concepts and their connections within a particular domain."
Claude 3-Sonnet,2024-04-29 11:16:26,Still working as an ontologist. Can you tell me how flood zone is relevant to a HELOC and elaborate on the concepts associated or the relationships between them using an ontology for the mortgage industry?,2048,0.15,0.5,"The flood zone is relevant to a Home Equity Line of Credit (HELOC) because it helps determine the risk associated with the property that is being used as collateral for the loan. The flood zone indicates the likelihood of the property being affected by flooding, which can cause significant damage and financial loss.

In an ontology for the mortgage industry, we can represent the relationship between a HELOC and flood zone using the following concepts and relationships:

1. **HELOC**: This class represents a Home Equity Line of Credit, which is a type of loan that allows borrowers to access funds using the equity in their property as collateral.

2. **Property**: This class represents the real estate property that is being used as collateral for the HELOC.

3. **FloodZone**: This class represents the flood zone classification assigned to a particular geographic area, indicating the level of risk for flooding.

4. **hasCollateral**: This object property relates a HELOC instance to the Property instance that is being used as collateral.

5. **locatedIn**: This object property relates a Property instance to the FloodZone instance in which it is located.

6. **floodRisk**: This data property can be associated with a FloodZone instance to indicate the level of flood risk (e.g., low, moderate, high).

Using these concepts and relationships, we can represent the relevance of flood zone to a HELOC in the following way:

```
:heloc1 rdf:type :HELOC ;
        :hasCollateral :property1 .

:property1 rdf:type :Property ;
           :locatedIn :floodZone1 .

:floodZone1 rdf:type :FloodZone ;
            :floodRisk ""high""^^xsd:string .
```

In this example, the `heloc1` instance is related to the `property1` instance through the `hasCollateral` property. The `property1` instance is located in the `floodZone1` instance, which has a high flood risk.

Lenders typically consider the flood zone and associated risk when evaluating a HELOC application, as properties located in high-risk flood zones may require additional insurance or mitigation measures, which can impact the overall risk assessment and terms of the loan."
Claude 3-Sonnet,2024-04-29 11:20:09,Still working as an ontologist. Can you tell me how flood zone is relevant to a HELOC and elaborate on the concepts associated or the relationships between them using an ontology for the mortgage industry?,2048,0.15,0.5,"The flood zone is relevant to a Home Equity Line of Credit (HELOC) because it determines the risk of the property being affected by flooding, which can impact the lender's decision to approve the HELOC and the terms associated with it. Here's how flood zone relates to a HELOC using an ontology for the mortgage industry:

1. **Property**: A HELOC is secured by a property, which has a specific location and associated characteristics, including its flood zone.

2. **FloodZone**: This concept represents the designated area that has a certain level of risk for flooding. Properties can be classified into different flood zones based on their elevation and proximity to water bodies.

3. **FloodInsurance**: Depending on the flood zone, the lender may require the borrower to obtain flood insurance to mitigate the risk of potential damage to the property due to flooding.

4. **LoanTerms**: The flood zone can influence the terms of the HELOC, such as the interest rate, maximum loan amount, or loan-to-value ratio. Lenders may adjust these terms based on the perceived risk associated with the flood zone.

5. **UnderwritingGuidelines**: Lenders have specific underwriting guidelines that consider the flood zone as a factor in determining the eligibility and conditions for approving a HELOC.

6. **RiskAssessment**: The flood zone is an essential component of the risk assessment process for a HELOC. Lenders evaluate the potential impact of flooding on the property's value and their ability to recover the loan amount in case of default.

In the ontology, these concepts can be represented as classes, and their relationships can be defined using object properties. For example:

- `Property` class has a `hasFloodZone` object property that relates it to the `FloodZone` class.
- `FloodZone` class has a `requiresFloodInsurance` object property that relates it to the `FloodInsurance` class.
- `HELOC` class has an `isSecuredBy` object property that relates it to the `Property` class.
- `HELOC` class also has `hasLoanTerms` and `hasUnderwritingGuidelines` object properties that relate it to the `LoanTerms` and `UnderwritingGuidelines` classes, respectively.
- `UnderwritingGuidelines` class has a `considersFloodZone` object property that relates it to the `FloodZone` class.

By representing these concepts and their relationships in an ontology, it becomes easier to capture and reason about the impact of flood zones on HELOCs and the associated risk assessment and underwriting processes."
Claude 3-Sonnet,2024-04-29 11:46:56,"i am a new homeowner, using the FEMA National Flood Hazard Layer (NFHL) View:https://hazards-fema.maps.arcgis.com/apps/webappviewer/index.html?id=8b0adb51996444d4879338b5529aa9cd ) to let me know if my house located in zip code 22209 is in a flood zone?",2048,0.15,0.5,"Based on the information provided, it appears you are trying to determine if your house located in the 22209 zip code is in a flood zone using the FEMA National Flood Hazard Layer (NFHL) Viewer. Here are the steps to check:

1. Go to the NFHL Viewer website: https://hazards-fema.maps.arcgis.com/apps/webappviewer/index.html?id=8b0adb51996444d4879338b5529aa9cd

2. In the search bar at the top, enter your address or zip code (22209).

3. The map will zoom in to your location. Look for the different colored shaded areas, which represent different flood zones.

4. Check the legend on the left side of the map to understand what each color represents. Generally:
   - Blue shaded areas: Areas of 1% annual chance flood hazard (100-year floodplain)
   - Orange shaded areas: Areas of 0.2% annual chance flood hazard (500-year floodplain)
   - Green shaded areas: Areas of undetermined flood hazard

5. If your property falls within a blue or orange shaded area, it is considered to be in a flood zone, and you may need to purchase flood insurance or take other precautions.

6. You can also click on your property on the map to see more detailed information about the flood zone and other relevant data.

The NFHL Viewer is a useful tool for homeowners to assess their flood risk and make informed decisions about flood preparedness and insurance needs."
Claude 3-Sonnet,2024-04-29 12:04:45,I am an investor. I'm interested in understanding the risk profile of Fannie Mae securities and the underlying collateral. How can I find the business concepts that will help me understand the risk if I buy a Fannie Mae MBS?,2048,0.15,0.5,"Based on the provided RDF data, here are some relevant business concepts that can help understand the risk profile of Fannie Mae mortgage-backed securities (MBS) and the underlying collateral:

1. **Collateral Choice 1**: This property indicates the type of collateral associated with the loan. Understanding the collateral type (e.g., residential property, commercial property, etc.) is crucial in assessing the risk profile of the MBS.

2. **Collateral Pledged To Name**: This property specifies the entity to whom the loan has been pledged as collateral. Knowing the entity holding the collateral can provide insights into the risk management practices and creditworthiness of the entity, which can impact the overall risk of the MBS.

3. **Collateral Value Source Type**: This property identifies the source used to obtain the value of the underlying collateral for the loan, if the value does not come from an appraisal. The source of the collateral valuation can influence the accuracy and reliability of the collateral value, which is a critical factor in assessing the risk of the MBS.

4. **Co Maker Endorser Of Note Indicator**: Although not explicitly defined in the provided data, this property likely indicates whether there is a co-maker or endorser for the loan note. The presence of a co-maker or endorser can potentially mitigate the risk associated with the loan and, consequently, the MBS.

To further understand the risk profile of Fannie Mae MBS, you may also need to consider additional factors such as loan-to-value ratios, credit scores of borrowers, geographic concentration of the underlying properties, and the overall economic conditions affecting the housing market.

It's important to note that the provided RDF data is a subset of the complete data model, and additional properties and classes may be necessary to gain a comprehensive understanding of the risk profile of Fannie Mae MBS."
Claude 3-Sonnet,2024-04-29 13:53:17,I am a mortgage underwriter. What do I need to consider when evaluating a loan regarding risk of the property value using a mortgage industry ontology? Can you explain the business concepts and how they are related?,2048,0.15,0.5,"As a mortgage underwriter, when evaluating a loan regarding the risk of property value, you need to consider several factors related to the borrower's creditworthiness and the property itself. The provided text snippet is written in the Web Ontology Language (OWL) and defines classes and properties related to affordable lending programs. Here's an explanation of the relevant business concepts and their relationships:

1. **AffordableLending**: This class represents affordable lending programs, which are designed to provide mortgage loans to borrowers who may not qualify for traditional lending programs due to income or credit constraints.

2. **communityLendingProductType**: This property indicates the type of community lending product being offered, such as a down payment assistance program or a low-income housing loan. It is a required property for the AffordableLending class.

3. **communityLendingProductTypeOtherDescription**: If the communityLendingProductType is not one of the predefined options, this property allows for a textual description of the product type. It is also a required property for the AffordableLending class.

4. **communitySecondsRepaymentType**: This property specifies the repayment type for any secondary or subordinate loans associated with the affordable lending program, such as deferred or forgivable loans. It is a required property for the AffordableLending class.

5. **communitySecondsRepaymentTypeOtherDescription**: Similar to communityLendingProductTypeOtherDescription, this property allows for a textual description of the repayment type if it is not one of the predefined options. It is a required property for the AffordableLending class.

6. **fnm-NeighborsMortgageEligibilityIndicator**: This property indicates whether the borrower is eligible for the Fannie Mae Neighbors program, which is a community lending program. It is a required property for the AffordableLending class.

7. **hud-IncomeLimitAdjustmentPercent**: This property represents the percentage adjustment applied to the income limit for the affordable lending program, as determined by the U.S. Department of Housing and Urban Development (HUD). It is a required property for the AffordableLending class.

8. **hud-LendingIncomeLimitAmount**: This property specifies the income limit for the affordable lending program, as determined by HUD. It is a required property for the AffordableLending class.

9. **hud-MedianIncomeAmount**: This property represents the median income amount used to calculate the income limits for the affordable lending program, as determined by HUD. It is a required property for the AffordableLending class.

When evaluating the risk of property value for a loan, you would need to consider the borrower's eligibility for affordable lending programs, as these programs may have different underwriting guidelines and risk factors compared to traditional loans. The properties defined in the provided text snippet help capture the details of the affordable lending program and ensure that the borrower meets the eligibility criteria."
Claude 3-Sonnet,2024-04-29 15:24:43,"As a business analyst, i need to identify data points or business terms that are related to flood in context of Mortage Loan. Provide the defintion of the concepts and defintion of data points and group the data points by concepts",2048,0.1,0.5,"Based on the provided text, the following data points and concepts related to flood in the context of mortgage loans can be identified:

Concept: Property Location
Data Points:
- Township: A geographic area typically defined by a numerical identifier, such as ""Township 2 North"".
- Range: A geographic area typically defined by a numerical identifier, such as ""Range 2 West"".
- Base and Meridian point: A reference point used for defining the location of a property, often used in legal descriptions.

Definition: The property location concept refers to the geographic coordinates or legal description that identifies the specific location of the property being used as collateral for the mortgage loan.

Concept: Loan-to-Value (LTV) Ratio
Data Points:
- Base LTV Ratio Percent: The ratio of the unpaid principal balance of the mortgage loan to the value of the property, expressed as a percentage.

Definition: The Loan-to-Value (LTV) ratio is a measure used to assess the risk associated with a mortgage loan. It represents the ratio of the loan amount to the appraised value of the property. A higher LTV ratio indicates a higher risk for the lender, as the borrower has less equity in the property.

Concept: Loan Amount
Data Points:
- Base Loan Amount: The principal amount of the mortgage loan, excluding any additional fees or premiums, such as private mortgage insurance (PMI), mortgage insurance premium (MIP), or funding fees.

Definition: The loan amount is the principal sum of money borrowed by the borrower from the lender, which is secured by the property as collateral.

These data points and concepts can be grouped as follows:

Property Location:
- Township
- Range
- Base and Meridian point

Loan-to-Value (LTV) Ratio:
- Base LTV Ratio Percent

Loan Amount:
- Base Loan Amount

It's important to note that while these data points and concepts are related to mortgage loans, they may not directly address flood-specific concerns. Additional data points or concepts specific to flood risk assessment, such as flood zone designations, elevation certificates, or flood insurance requirements, may be necessary to fully analyze flood-related risks in the context of mortgage loans."
